site_id,年月,受付件数,完了件数,期日内完了件数,満足度平均,スタッフ数
S001,2026-04,720,705,580,4.11,18
S001,2026-05,621,609,519,4.25,16
S001,2026-06,711,701,612,4.05,16
S001,2026-07,789,761,662,4.0,17
S001,2026-08,739,725,589,3.77,16
S001,2026-09,758,732,636,3.83,18
S002,2026-04,247,238,215,4.3,6
S002,2026-05,239,236,208,4.15,4
S002,2026-06,245,242,234,4.17,5
S002,2026-07,234,226,191,4.3,4
S002,2026-08,243,241,220,4.18,4
S002,2026-09,234,232,219,4.26,6
S003,2026-04,319,306,287,4.58,5
S003,2026-05,290,290,276,4.6,4
S003,2026-06,292,286,256,4.33,5
S003,2026-07,296,286,273,4.32,4
S003,2026-08,287,283,265,4.48,4
S003,2026-09,287,286,262,4.51,4
S004,2026-04,259,244,204,4.15,6
S004,2026-05,268,257,222,4.11,4
S004,2026-06,283,283,261,4.26,4
S004,2026-07,287,271,239,3.99,6
S004,2026-08,277,276,248,4.42,6
S004,2026-09,276,262,225,4.2,6
S005,2026-04,332,311,264,3.79,8
S005,2026-05,321,303,251,3.78,8
S005,2026-06,294,286,228,3.93,8
S005,2026-07,310,310,256,3.83,6
S005,2026-08,291,269,232,3.8,8
S005,2026-09,302,290,244,3.68,6
S006,2026-04,94,91,77,3.85,2
S006,2026-05,95,89,70,3.97,2
S006,2026-06,92,91,82,3.89,3
S006,2026-07,92,89,75,3.77,2
S006,2026-08,102,97,83,3.77,3
S006,2026-09,90,88,74,3.85,2
S007,2026-04,429,411,386,4.5,9
S007,2026-05,395,393,374,4.38,7
S007,2026-06,419,409,379,4.37,7
S007,2026-07,433,413,380,4.53,9
S007,2026-08,461,444,431,4.35,9
S007,2026-09,404,385,347,4.37,9
S008,2026-04,260,256,226,4.25,4
S008,2026-05,278,275,257,4.48,5
S008,2026-06,302,289,268,4.42,5
S008,2026-07,277,273,251,4.07,4
S008,2026-08,263,247,217,4.18,5
S008,2026-09,263,261,242,4.25,4
S009,2026-04,985,944,855,4.26,21
S009,2026-05,1010,958,916,4.47,19
S009,2026-06,963,945,864,4.39,19
S009,2026-07,998,950,839,4.25,20
S009,2026-08,1056,1035,937,4.21,21
S009,2026-09,971,962,885,4.17,21
S010,2026-04,344,332,313,4.37,6
S010,2026-05,373,356,324,4.33,7
S010,2026-06,362,346,335,4.22,7
S010,2026-07,364,349,318,4.36,7
S010,2026-08,365,360,321,4.19,7
S010,2026-09,362,345,321,4.11,8
S011,2026-04,338,324,285,4.12,6
S011,2026-05,288,288,255,4.02,7
S011,2026-06,304,299,261,3.77,6
S011,2026-07,304,303,275,4.27,5
S011,2026-08,325,310,262,4.08,5
S011,2026-09,332,318,271,3.81,5
S012,2026-04,106,101,87,4.01,2
S012,2026-05,111,106,89,4.01,3
S012,2026-06,107,102,93,3.97,3
S012,2026-07,103,99,85,4.0,2
S012,2026-08,97,94,79,4.0,3
S012,2026-09,90,89,76,4.08,2
S013,2026-04,694,661,610,4.14,13
S013,2026-05,663,642,619,4.24,13
S013,2026-06,708,695,632,4.18,12
S013,2026-07,691,682,601,4.12,14
S013,2026-08,626,620,549,4.28,13
S013,2026-09,670,639,554,4.16,14
S014,2026-04,114,110,102,4.41,2
S014,2026-05,96,90,83,4.24,3
S014,2026-06,110,110,100,4.29,2
S014,2026-08,115,110,101,4.25,3
S014,2026-09,108,107,95,3.95,2
S015,2026-04,145,138,125,4.48,2
S015,2026-05,153,150,136,4.58,2
S015,2026-06,136,130,120,4.46,4
S015,2026-07,144,139,129,4.57,2
S015,2026-08,138,131,129,4.64,4
S015,2026-09,143,142,140,4.14,2
S016,2026-04,357,350,313,4.16,7
S016,2026-05,336,332,300,4.34,7
S016,2026-06,352,352,327,3.94,6
S016,2026-07,344,341,326,4.2,8
S016,2026-08,351,335,280,4.01,6
S016,2026-09,360,359,327,4.34,7
S017,2026-04,323,319,274,4.23,7
S017,2026-05,317,306,272,4.3,7
S017,2026-06,367,347,315,4.19,7
S017,2026-07,310,293,255,4.3,6
S017,2026-08,320,301,275,4.19,6
S017,2026-09,330,310,287,4.22,8
S018,2026-04,436,415,403,4.54,8
S018,2026-05,408,403,380,4.61,6
S018,2026-06,408,393,387,4.41,8
S018,2026-07,452,445,441,4.54,8
S018,2026-08,431,421,402,4.38,6
S018,2026-09,408,398,384,4.53,8
S019,2026-04,646,638,599,4.14,12
S019,2026-05,681,656,611,4.14,13
S019,2026-06,622,614,557,3.91,13
S019,2026-07,669,648,575,4.23,13
S019,2026-08,646,631,559,3.97,13
S019,2026-09,665,638,532,4.08,14
S020,2026-04,115,113,94,4.04,2
S020,2026-05,105,101,87,4.03,3
S020,2026-06,108,102,93,3.96,3
S020,2026-07,107,106,91,4.11,3
S020,2026-08,107,-12,97,4.04,3
S020,2026-09,108,102,83,3.98,2
S021,2026-04,285,282,256,4.35,5
S021,2026-05,292,280,262,4.37,5
S021,2026-06,283,272,245,4.41,4
S021,2026-07,267,262,258,4.61,5
S021,2026-08,262,258,247,4.26,6
S021,2026-09,265,255,239,4.35,5
S022,2026-04,399,381,314,4.44,7
S022,2026-05,385,364,338,4.2,8
S022,2026-06,382,364,330,4.23,7
S022,2026-07,361,359,332,4.37,7
S022,2026-08,355,350,314,4.13,6
S022,2026-09,396,377,355,4.08,8
S023,2026-04,304,294,267,4.16,5
S023,2026-05,303,293,262,4.24,7
S023,2026-06,313,300,259,4.22,6
S023,2026-07,298,289,260,4.03,5
S023,2026-08,291,286,257,4.2,6
S023,2026-09,285,280,249,4.05,7
S024,2026-04,100,100,93,4.41,3
S024,2026-05,98,95,89,4.29,3
S024,2026-06,106,101,92,4.3,2
S024,2026-07,112,106,95,4.12,2
S024,2026-08,106,101,92,4.25,2
S024,2026-09,109,106,96,4.2,2
S025,2026-04,333,333,285,4.01,6
S025,2026-05,379,360,311,4.18,8
S025,2026-06,331,319,268,4.26,6
S025,2026-07,313,299,247,3.99,8
S025,2026-08,348,328,293,3.92,8
S025,2026-09,335,329,284,4.0,8
S026,2026-04,1023,1021,940,4.13,19
S026,2026-05,978,962,826,4.29,21
S026,2026-06,996,978,887,4.25,20
S026,2026-07,1054,1010,877,4.27,20
S026,2026-08,1053,1032,950,4.04,21
S026,2026-09,991,963,883,4.08,20
S027,2026-04,189,180,140,3.5,6
S027,2026-05,189,177,138,3.5,5
S027,2026-06,181,174,136,3.5,5
S027,2026-07,170,170,133,3.5,5
S027,2026-08,177,167,130,3.5,5
S027,2026-09,173,164,128,3.5,5
S028,2026-04,130,124,111,4.17,2
S028,2026-05,126,125,105,3.91,2
S028,2026-06,128,128,116,4.23,2
S028,2026-07,115,112,105,3.98,2
S028,2026-08,119,113,99,4.21,2
S028,2026-09,124,121,101,4.18,2
S029,2026-04,338,331,306,4.57,7
S029,2026-05,338,337,327,4.32,6
S029,2026-06,319,303,291,4.5,6
S029,2026-07,324,322,301,4.37,6
S029,2026-08,310,294,270,4.34,7
S029,2026-09,330,316,310,4.58,6
S030,2026-04,118,113,98,4.39,2
S030,2026-05,112,111,104,4.39,3
S030,2026-06,107,101,92,4.35,2
S030,2026-07,118,114,100,4.52,2
S030,2026-08,109,108,100,4.29,2
S030,2026-09,110,106,95,4.12,3
S031,2026-04,357,338,322,4.24,6
S031,2026-05,331,327,273,4.24,6
S031,2026-06,364,346,328,4.34,6
S031,2026-07,351,338,313,4.22,6
S031,2026-08,343,330,311,4.15,6
S031,2026-09,351,335,314,4.23,6
S032,2026-04,350,338,301,4.17,6
S032,2026-05,383,374,318,4.12,8
S032,2026-06,354,350,318,3.94,8
S032,2026-07,319,308,252,4.07,6
S032,2026-08,346,325,281,3.99,6
S032,2026-09,331,331,277,4.07,8
S033,2026-04,120,120,109,4.31,4
S033,2026-05,129,123,122,4.24,2
S033,2026-06,129,126,113,4.16,2
S033,2026-07,125,122,108,4.32,4
S033,2026-08,140,135,128,4.05,4
S033,2026-09,130,123,110,4.15,4
S034,2026-04,264,247,217,4.04,7
S034,2026-05,263,259,224,3.79,5
S034,2026-06,257,245,204,4.02,5
S034,2026-07,238,231,200,3.99,6
S034,2026-08,260,255,217,4.17,6
S034,2026-09,239,234,194,3.97,7
S035,2026-04,73,70,67,4.29,2
S035,2026-05,76,75,68,4.15,2
S035,2026-06,79,75,68,4.36,2
S035,2026-07,68,67,65,4.55,2
S035,2026-08,68,68,67,4.32,2
S035,2026-09,77,75,68,4.37,2
S036,2026-04,352,347,322,4.32,7
S036,2026-05,383,371,315,4.25,6
S036,2026-06,373,371,346,4.18,7
S036,2026-07,369,359,340,4.31,7
S036,2026-08,416,398,353,4.16,6
S036,2026-09,346,333,294,4.47,7
S037,2026-04,729,726,609,4.37,15
S037,2026-05,761,723,634,4.13,15
S037,2026-06,750,741,714,4.05,14
S037,2026-07,719,709,602,3.89,16
S037,2026-08,728,703,642,4.01,16
S037,2026-09,706,677,590,4.27,14
S038,2026-04,412,396,357,4.42,8
S038,2026-05,374,355,324,4.23,6
S038,2026-06,389,382,346,4.52,6
S038,2026-07,418,413,391,4.39,6
S038,2026-08,389,372,350,4.39,6
S038,2026-09,410,407,353,4.23,6
S039,2026-04,338,338,296,3.98,8
S039,2026-05,314,305,281,4.14,6
S039,2026-06,308,307,272,4.24,6
S039,2026-07,368,367,330,4.05,8
S039,2026-08,326,323,293,4.11,7
S039,2026-09,350,329,280,4.15,7
S040,2026-04,355,345,283,3.97,8
S040,2026-05,340,338,298,4.0,8
S040,2026-06,364,360,306,4.17,8
S040,2026-07,377,368,329,4.11,8
S040,2026-08,346,340,303,4.03,8
S040,2026-09,375,372,332,4.14,8
S999,2026-09,120,110,100,4.1,3
