person_id,氏名,役割,担当,着任年月,休職開始,休職終了
P901,田中 結衣,エリアマネージャー,北海道・東北,2023-04,,
P001,遠藤 亮,拠点長,S001,2023-04,,
P002,佐々木 亮,拠点長,S002,2025-10,,
P003,太田 真央,拠点長,S003,2023-04,,
P004,山田 結衣,拠点長,S004,2025-10,,
P005,山本 亮,拠点長,S005,2021-10,,
P006,林 蓮,拠点長,S006,2023-04,,
P007,斉藤 翔,拠点長,S007,2019-04,,
P008,山下 直樹,拠点長,S008,2021-10,,
P902,山崎 優,エリアマネージャー,関東,2024-10,,
P009,岡田 直樹,拠点長,S009,2021-10,,
P010,後藤 健太,拠点長,S010,2025-10,,
P011,西村 優,拠点長,S011,2026-08,,
P012,高橋 優,拠点長,S012,2023-04,,
P013,中村 彩,拠点長,S013,2019-04,,
P014,吉田 真央,拠点長,S014,2025-10,,
P015,小林 翔,拠点長,S015,2019-04,,
P016,石川 彩,拠点長,S016,2024-07,,
P017,藤井 結衣,拠点長,S017,2021-10,,
P018,山口 恵,拠点長,S018,2024-07,2026-05-01,2026-08-31
P903,青木 蓮,エリアマネージャー,中部,2026-08,,
P019,渡辺 蓮,拠点長,S019,2021-10,,
P020,鈴木 陽菜,拠点長,S020,2025-10,,
P021,池田 亮,拠点長,S021,2021-10,,
P022,近藤 健太,拠点長,S022,2021-10,,
P023,森 直樹,拠点長,S023,2025-10,,
P024,村上 亮,拠点長,S024,2019-04,,
P025,木村 陽菜,拠点長,S025,2023-04,,
P904,福田 蓮,エリアマネージャー,近畿,2023-04,,
P026,松本 優,拠点長,S026,2023-04,,
P027,石井 陽菜,拠点長,S027,2024-07,,
P028,坂本 亮,拠点長,S028,2021-10,,
P029,清水 拓海,拠点長,S029,2023-04,,
P030,佐藤 美咲,拠点長,S030,2026-08,,
P031,長谷川 健太,拠点長,S031,2023-04,,
P032,伊藤 大翔,拠点長,S032,2025-10,,
P905,前田 直樹,エリアマネージャー,中国・四国・九州,2026-07,,
P033,橋本 拓海,拠点長,S033,2021-10,,
P034,井上 美咲,拠点長,S034,2025-10,,
P035,中島 結衣,拠点長,S035,2021-10,,
P036,加藤 陽菜,拠点長,S036,2025-10,,
P037,小川 美咲,拠点長,S037,2019-04,,
P038,斎藤 結衣,拠点長,S038,2019-04,,
P039,藤田 美咲,拠点長,S039,2023-04,,
P040,阿部 真央,拠点長,S040,2023-04,,
