site_id,拠点名,拠点種別,エリア,開設年月,処理枠_件月
S001,札幌サービスセンター,大型センター,北海道・東北,2024-01,1000
S002,旭川サポート拠点,標準拠点,北海道・東北,2018-10,300
S003,函館サポート拠点,標準拠点,北海道・東北,2024-01,320
S004,仙台サポート拠点,標準拠点,北海道・東北,2018-10,330
S005,盛岡サポート拠点,標準拠点,北海道・東北,2024-01,450
S006,青森サテライト,サテライト,北海道・東北,2016-04,130
S007,秋田サポート拠点,標準拠点,北海道・東北,2026-05,460
S008,山形サポート拠点,標準拠点,北海道・東北,2025-06,320
S009,新宿サービスセンター,大型センター,関東,2016-04,1200
S010,品川サポート拠点,標準拠点,関東,2024-01,400
S011,池袋サポート拠点,標準拠点,関東,2018-10,380
S012,立川サテライト,サテライト,関東,2016-04,130
S013,横浜サービスセンター,大型センター,関東,2020-04,800
S014,川崎サテライト,サテライト,関東,2025-06,130
S015,さいたまサテライト,サテライト,関東,2025-06,150
S016,千葉サポート拠点,標準拠点,関東,2020-04,420
S017,柏サポート拠点,標準拠点,関東,2020-04,400
S018,宇都宮サポート拠点,標準拠点,関東,2024-01,450
S019,名古屋サービスセンター,大型センター,中部,2020-04,800
S020,静岡サテライト,サテライト,中部,2025-06,140
S021,浜松サポート拠点,標準拠点,中部,2020-04,300
S022,金沢サポート拠点,標準拠点,中部,2020-04,430
S023,新潟サポート拠点,標準拠点,中部,2026-05,360
S024,長野サテライト,サテライト,中部,2022-07,120
S025,岐阜サポート拠点,標準拠点,中部,2022-07,450
S026,梅田サービスセンター,大型センター,近畿,2018-10,1200
S027,難波サポート拠点,標準拠点,近畿,2016-04,310
S028,京都サテライト,サテライト,近畿,2022-07,150
S029,神戸サポート拠点,標準拠点,近畿,2018-10,350
S030,堺サテライト,サテライト,近畿,2020-04,120
S031,奈良サポート拠点,標準拠点,近畿,2016-04,390
S032,和歌山サポート拠点,標準拠点,近畿,2025-06,450
S033,広島サテライト,サテライト,中国・四国・九州,2024-01,150
S034,岡山サポート拠点,標準拠点,中国・四国・九州,2025-06,350
S035,松山サテライト,サテライト,中国・四国・九州,2025-06,80
S036,高松サポート拠点,標準拠点,中国・四国・九州,2016-04,430
S037,博多サービスセンター,大型センター,中国・四国・九州,2025-06,900
S038,北九州サポート拠点,標準拠点,中国・四国・九州,2018-10,440
S039,熊本サポート拠点,標準拠点,中国・四国・九州,2018-10,430
S040,鹿児島サポート拠点,標準拠点,中国・四国・九州,2024-01,450
